Type,Name,Request Count,Failure Count,Median Response Time,Average Response Time,Min Response Time,Max Response Time,Average Content Size,Requests/s,Failures/s,50%,66%,75%,80%,90%,95%,98%,99%,99.9%,99.99%,100%
POST,/api/v1/iot/ingest,13487,131,480.0,1196.8698824944013,0.931500006117858,11856.423749995884,30.80944613331356,227.20366606768326,2.206842163184289,480,1100,1400,2300,3900,4300,4600,5500,7700,12000,12000
,Aggregated,13487,131,480.0,1196.8698824944013,0.931500006117858,11856.423749995884,30.80944613331356,227.20366606768326,2.206842163184289,480,1100,1400,2300,3900,4300,4600,5500,7700,12000,12000
